{"initial_reset_timestamp": 1634740158.5901077, "timestamps": [1634740168.3397715], "episode_lengths": [208], "episode_rewards": [476.4156879891716], "episode_types": ["t"]}